application_number,generic_name,manufacturer_name,route,substance_name,effective_time,spl_product_data_elements,Year,Number_Ingredients
BLA761104,MOXETUMOMAB PASUDOTOX,AstraZeneca Pharmaceuticals LP,INTRAVENOUS,MOXETUMOMAB PASUDOTOX,20220208,"['LUMOXITI moxetumomab pasudotox MOXETUMOMAB PASUDOTOX MOXETUMOMAB PASUDOTOX GLYCINE POLYSORBATE 80 SODIUM PHOSPHATE, MONOBASIC, MONOHYDRATE SUCROSE IV Solution Stabilizer IV Solution Stabilizer POLYSORBATE 80 POLYSORBATE 80 CITRIC ACID MONOHYDRATE TRISODIUM CITRATE DIHYDRATE WATER']",2022,3
NDA209091,DAPAGLIFLOZIN AND SAXAGLIPTIN,AstraZeneca Pharmaceuticals LP,ORAL,"DAPAGLIFLOZIN, SAXAGLIPTIN HYDROCHLORIDE",20221013,"['QTERN dapagliflozin and saxagliptin DAPAGLIFLOZIN DAPAGLIFLOZIN SAXAGLIPTIN HYDROCHLORIDE SAXAGLIPTIN ANHYDROUS ANHYDROUS LACTOSE CROSCARMELLOSE SODIUM FERROUS OXIDE MAGNESIUM STEARATE MICROCRYSTALLINE CELLULOSE POLYVINYL ALCOHOL, UNSPECIFIED POLYETHYLENE GLYCOL 400 SILICON DIOXIDE TALC TITANIUM DIOXIDE biconvex 5;10;1122 QTERN dapagliflozin and saxagliptin DAPAGLIFLOZIN DAPAGLIFLOZIN SAXAGLIPTIN HYDROCHLORIDE SAXAGLIPTIN ANHYDROUS ANHYDROUS LACTOSE CROSCARMELLOSE SODIUM FERROUS OXIDE MAGNESIUM STEARATE MICROCRYSTALLINE CELLULOSE POLYVINYL ALCOHOL, UNSPECIFIED POLYETHYLENE GLYCOL 400 SILICON DIOXIDE TALC TITANIUM DIOXIDE light reddish biconvex 5;5;1120']",2022,3
NDA021366,ROSUVASTATIN CALCIUM,AstraZeneca Pharmaceuticals LP,ORAL,ROSUVASTATIN CALCIUM,20230727,"['Crestor Rosuvastatin calcium ROSUVASTATIN CALCIUM ROSUVASTATIN FERRIC OXIDE YELLOW HYPROMELLOSE, UNSPECIFIED LACTOSE MONOHYDRATE MICROCRYSTALLINE CELLULOSE TITANIUM DIOXIDE TRIACETIN biconvex ZD4522;5 Crestor Rosuvastatin calcium ROSUVASTATIN CALCIUM ROSUVASTATIN CROSPOVIDONE (15 MPA.S AT 5%) FERRIC OXIDE RED HYPROMELLOSE, UNSPECIFIED LACTOSE MONOHYDRATE MAGNESIUM STEARATE MICROCRYSTALLINE CELLULOSE TRIACETIN TRIBASIC CALCIUM PHOSPHATE TITANIUM DIOXIDE biconvex ZD4522;10 Crestor Rosuvastatin calcium ROSUVASTATIN CALCIUM ROSUVASTATIN CROSPOVIDONE (15 MPA.S AT 5%) FERRIC OXIDE RED HYPROMELLOSE, UNSPECIFIED LACTOSE MONOHYDRATE MAGNESIUM STEARATE MICROCRYSTALLINE CELLULOSE TRIACETIN TRIBASIC CALCIUM PHOSPHATE TITANIUM DIOXIDE biconvex ZD4522;20 Crestor Rosuvastatin calcium ROSUVASTATIN CALCIUM ROSUVASTATIN CROSPOVIDONE (15 MPA.S AT 5%) FERRIC OXIDE RED HYPROMELLOSE, UNSPECIFIED LACTOSE MONOHYDRATE MAGNESIUM STEARATE MICROCRYSTALLINE CELLULOSE TRIACETIN TRIBASIC CALCIUM PHOSPHATE TITANIUM DIOXIDE biconvex ZD4522;40']",2023,5
NDA022101,ESOMEPRAZOLE MAGNESIUM,AstraZeneca Pharmaceuticals LP,ORAL,ESOMEPRAZOLE MAGNESIUM,20230718,"['NEXIUM Esomeprazole magnesium ESOMEPRAZOLE MAGNESIUM ESOMEPRAZOLE GLYCERYL MONOSTEARATE HYDROXYPROPYL CELLULOSE (1600000 WAMW) HYPROMELLOSE, UNSPECIFIED MAGNESIUM STEARATE METHACRYLIC ACID TALC TRIETHYL CITRATE POLYSORBATE 80 GELATIN, UNSPECIFIED FD&C BLUE NO. 1 FD&C RED NO. 40 D&C RED NO. 28 TITANIUM DIOXIDE ALCOHOL ISOPROPYL ALCOHOL BUTYL ALCOHOL POLYETHYLENE GLYCOL, UNSPECIFIED SODIUM HYDROXIDE POVIDONE, UNSPECIFIED D&C YELLOW NO. 10 Amethyst NEXIUM20mg NEXIUM Esomeprazole magnesium ESOMEPRAZOLE MAGNESIUM ESOMEPRAZOLE GLYCERYL MONOSTEARATE HYDROXYPROPYL CELLULOSE (1600000 WAMW) HYPROMELLOSE, UNSPECIFIED MAGNESIUM STEARATE METHACRYLIC ACID POTASSIUM SORBATE TALC TRIETHYL CITRATE WATER ANHYDROUS DEXTROSE POVIDONE, UNSPECIFIED ANHYDROUS CITRIC ACID FERRIC OXIDE YELLOW ALCOHOL NEXIUM Esomeprazole magnesium ESOMEPRAZOLE MAGNESIUM ESOMEPRAZOLE GLYCERYL MONOSTEARATE HYDROXYPROPYL CELLULOSE (1600000 WAMW) HYPROMELLOSE, UNSPECIFIED MAGNESIUM STEARATE METHACRYLIC ACID POTASSIUM SORBATE TALC TRIETHYL CITRATE WATER ANHYDROUS DEXTROSE POVIDONE, UNSPECIFIED ANHYDROUS CITRIC ACID FERRIC OXIDE YELLOW ALCOHOL NEXIUM Esomeprazole magnesium ESOMEPRAZOLE MAGNESIUM ESOMEPRAZOLE GLYCERYL MONOSTEARATE HYDROXYPROPYL CELLULOSE (1600000 WAMW) HYPROMELLOSE, UNSPECIFIED MAGNESIUM STEARATE METHACRYLIC ACID POTASSIUM SORBATE TALC TRIETHYL CITRATE WATER ANHYDROUS DEXTROSE POVIDONE, UNSPECIFIED ANHYDROUS CITRIC ACID FERRIC OXIDE YELLOW ALCOHOL NEXIUM Esomeprazole magnesium ESOMEPRAZOLE MAGNESIUM ESOMEPRAZOLE GLYCERYL MONOSTEARATE HYDROXYPROPYL CELLULOSE (1600000 WAMW) HYPROMELLOSE, UNSPECIFIED MAGNESIUM STEARATE METHACRYLIC ACID TALC TRIETHYL CITRATE POLYSORBATE 80 GELATIN, UNSPECIFIED FD&C BLUE NO. 1 FD&C RED NO. 40 D&C RED NO. 28 TITANIUM DIOXIDE ALCOHOL ISOPROPYL ALCOHOL BUTYL ALCOHOL POLYETHYLENE GLYCOL, UNSPECIFIED SODIUM HYDROXIDE POVIDONE, UNSPECIFIED D&C YELLOW NO. 10 Amethyst NEXIUM40mg NEXIUM Esomeprazole magnesium ESOMEPRAZOLE MAGNESIUM ESOMEPRAZOLE NEXIUM Esomeprazole magnesium ESOMEPRAZOLE MAGNESIUM ESOMEPRAZOLE']",2023,15
NDA212122,"BUDESONIDE, GLYCOPYRROLATE, AND FORMOTEROL FUMARATE",AstraZeneca Pharmaceuticals LP,RESPIRATORY (INHALATION),"BUDESONIDE, FORMOTEROL, GLYCOPYRROLATE",20220126,"['BREZTRI budesonide, glycopyrrolate, and formoterol fumarate BUDESONIDE BUDESONIDE GLYCOPYRROLATE GLYCOPYRRONIUM FORMOTEROL FORMOTEROL 1,2-DISTEAROYL-SN-GLYCERO-3-PHOSPHOCHOLINE CALCIUM CHLORIDE NORFLURANE']",2022,4
NDA209210,EXENATIDE,AstraZeneca Pharmaceuticals LP,SUBCUTANEOUS,EXENATIDE,20230504,"['BYDUREON BCise exenatide EXENATIDE EXENATIDE CARBOXYMETHYLCELLULOSE SODIUM, UNSPECIFIED POLY(DL-LACTIC-CO-GLYCOLIC ACID), (50:50; 63000 MW) POLYSORBATE 20 SODIUM CHLORIDE SODIUM PHOSPHATE, DIBASIC, HEPTAHYDRATE SODIUM PHOSPHATE, MONOBASIC, MONOHYDRATE SUCROSE WATER']",2023,7
NDA022047,QUETIAPINE,AstraZeneca Pharmaceuticals LP,ORAL,QUETIAPINE FUMARATE,20220127,"['SEROQUEL XR quetiapine QUETIAPINE FUMARATE QUETIAPINE LACTOSE MONOHYDRATE MICROCRYSTALLINE CELLULOSE SODIUM CITRATE, UNSPECIFIED FORM HYPROMELLOSE, UNSPECIFIED MAGNESIUM STEARATE FERRIC OXIDE YELLOW POLYETHYLENE GLYCOL 400 TITANIUM DIOXIDE WATER biconvex intagliated XR;200 SEROQUEL XR quetiapine QUETIAPINE FUMARATE QUETIAPINE LACTOSE MONOHYDRATE MICROCRYSTALLINE CELLULOSE SODIUM CITRATE, UNSPECIFIED FORM HYPROMELLOSE, UNSPECIFIED POLYETHYLENE GLYCOL 400 TITANIUM DIOXIDE FERRIC OXIDE YELLOW MAGNESIUM STEARATE WATER pale yellow biconvex, intagliated XR;300 SEROQUEL XR quetiapine QUETIAPINE FUMARATE QUETIAPINE LACTOSE MONOHYDRATE MICROCRYSTALLINE CELLULOSE SODIUM CITRATE, UNSPECIFIED FORM HYPROMELLOSE, UNSPECIFIED POLYETHYLENE GLYCOL 400 TITANIUM DIOXIDE MAGNESIUM STEARATE WATER biconvex, intagliated XR;400 SEROQUEL XR quetiapine QUETIAPINE FUMARATE QUETIAPINE LACTOSE MONOHYDRATE MICROCRYSTALLINE CELLULOSE SODIUM CITRATE, UNSPECIFIED FORM HYPROMELLOSE, UNSPECIFIED MAGNESIUM STEARATE POLYETHYLENE GLYCOL 400 TITANIUM DIOXIDE FERRIC OXIDE RED FERRIC OXIDE YELLOW WATER peach biconvex XR;50 SEROQUEL XR quetiapine QUETIAPINE FUMARATE QUETIAPINE LACTOSE MONOHYDRATE MICROCRYSTALLINE CELLULOSE SODIUM CITRATE, UNSPECIFIED FORM HYPROMELLOSE, UNSPECIFIED MAGNESIUM STEARATE POLYETHYLENE GLYCOL 400 TITANIUM DIOXIDE WATER biconvex XR;150']",2022,13
NDA021929,BUDESONIDE AND FORMOTEROL FUMARATE DIHYDRATE,AstraZeneca Pharmaceuticals LP,RESPIRATORY (INHALATION),"BUDESONIDE, FORMOTEROL FUMARATE",20190724,['SYMBICORT Budesonide and Formoterol Fumarate Dihydrate BUDESONIDE BUDESONIDE FORMOTEROL FUMARATE FORMOTEROL FORMOTEROL FUMARATE ANHYDROUS APAFLURANE POLYETHYLENE GLYCOL 1000 POVIDONE K25 SYMBICORT Budesonide and Formoterol Fumarate Dihydrate BUDESONIDE BUDESONIDE FORMOTEROL FUMARATE FORMOTEROL FORMOTEROL FUMARATE ANHYDROUS APAFLURANE POLYETHYLENE GLYCOL 1000 POVIDONE K25'],2019,1
NDA021366,ROSUVASTATIN CALCIUM,AstraZeneca Pharmaceuticals LP,ORAL,ROSUVASTATIN CALCIUM,20230113,"['CRESTOR Rosuvastatin calcium ROSUVASTATIN CALCIUM ROSUVASTATIN LACTOSE MONOHYDRATE MICROCRYSTALLINE CELLULOSE HYPROMELLOSE, UNSPECIFIED TRIACETIN TITANIUM DIOXIDE FERRIC OXIDE YELLOW biconvex 5;crestor CRESTOR Rosuvastatin calcium ROSUVASTATIN CALCIUM ROSUVASTATIN LACTOSE MONOHYDRATE MICROCRYSTALLINE CELLULOSE TRIBASIC CALCIUM PHOSPHATE CROSPOVIDONE, UNSPECIFIED MAGNESIUM STEARATE HYPROMELLOSE, UNSPECIFIED TRIACETIN TITANIUM DIOXIDE FERRIC OXIDE RED biconvex 10;crestor CRESTOR Rosuvastatin calcium ROSUVASTATIN CALCIUM ROSUVASTATIN LACTOSE MONOHYDRATE MICROCRYSTALLINE CELLULOSE TRIBASIC CALCIUM PHOSPHATE CROSPOVIDONE, UNSPECIFIED MAGNESIUM STEARATE HYPROMELLOSE, UNSPECIFIED TRIACETIN TITANIUM DIOXIDE FERRIC OXIDE RED biconvex 20;crestor CRESTOR Rosuvastatin calcium ROSUVASTATIN CALCIUM ROSUVASTATIN LACTOSE MONOHYDRATE MICROCRYSTALLINE CELLULOSE TRIBASIC CALCIUM PHOSPHATE CROSPOVIDONE, UNSPECIFIED MAGNESIUM STEARATE HYPROMELLOSE, UNSPECIFIED TRIACETIN TITANIUM DIOXIDE FERRIC OXIDE RED biconvex 40;crestor']",2023,8
NDA210595,ACLIDINIUM BROMIDE AND FORMOTEROL FUMARATE,AstraZeneca Pharmaceuticals LP,RESPIRATORY (INHALATION),"ACLIDINIUM BROMIDE, FORMOTEROL FUMARATE",20220125,['DUAKLIR PRESSAIR aclidinium bromide and formoterol fumarate ACLIDINIUM BROMIDE ACLIDINIUM FORMOTEROL FUMARATE FORMOTEROL LACTOSE MONOHYDRATE'],2022,1
NDA216387,ACALABRUTINIB,AstraZeneca Pharmaceuticals LP,ORAL,ACALABRUTINIB,20220804,"['CALQUENCE acalabrutinib ACALABRUTINIB ACALABRUTINIB COPOVIDONE K25-31 FERRIC OXIDE RED FERRIC OXIDE YELLOW HYPROMELLOSE, UNSPECIFIED LOW-SUBSTITUTED HYDROXYPROPYL CELLULOSE, UNSPECIFIED MANNITOL MEDIUM-CHAIN TRIGLYCERIDES MICROCRYSTALLINE CELLULOSE POLYETHYLENE GLYCOL 3350 SODIUM STEARYL FUMARATE TITANIUM DIOXIDE WATER biconvex ACA100']",2022,3
NDA207078,SODIUM ZIRCONIUM CYCLOSILICATE,AstraZeneca Pharmaceuticals LP,ORAL,SODIUM ZIRCONIUM CYCLOSILICATE,20220930,['LOKELMA sodium zirconium cyclosilicate SODIUM ZIRCONIUM CYCLOSILICATE ZIRCONIUM CYCLOSILICATE ION LOKELMA sodium zirconium cyclosilicate SODIUM ZIRCONIUM CYCLOSILICATE ZIRCONIUM CYCLOSILICATE ION'],2022,1
NDA022433,TICAGRELOR,AstraZeneca Pharmaceuticals LP,ORAL,TICAGRELOR,20220509,"['BRILINTA Ticagrelor TICAGRELOR TICAGRELOR MANNITOL DIBASIC CALCIUM PHOSPHATE DIHYDRATE SODIUM STARCH GLYCOLATE TYPE A POTATO HYDROXYPROPYL CELLULOSE (1600000 WAMW) MAGNESIUM STEARATE WATER HYPROMELLOSE, UNSPECIFIED TITANIUM DIOXIDE TALC POLYETHYLENE GLYCOL 400 FERRIC OXIDE YELLOW biconvex 90;T BRILINTA Ticagrelor TICAGRELOR TICAGRELOR MANNITOL DIBASIC CALCIUM PHOSPHATE DIHYDRATE SODIUM STARCH GLYCOLATE TYPE A POTATO HYDROXYPROPYL CELLULOSE (1600000 WAMW) MAGNESIUM STEARATE WATER HYPROMELLOSE, UNSPECIFIED TITANIUM DIOXIDE TALC POLYETHYLENE GLYCOL 400 FERROSOFERRIC OXIDE FERRIC OXIDE RED biconvex 60;T']",2022,3
NDA205649,DAPAGLIFLOZIN AND METFORMIN HYDROCHLORIDE,AstraZeneca Pharmaceuticals LP,ORAL,"DAPAGLIFLOZIN PROPANEDIOL, METFORMIN HYDROCHLORIDE",20221013,"['XIGDUO XR dapagliflozin and metformin hydrochloride DAPAGLIFLOZIN PROPANEDIOL dapagliflozin METFORMIN HYDROCHLORIDE metformin anhydrous lactose CARBOXYMETHYLCELLULOSE SODIUM, UNSPECIFIED CROSPOVIDONE, UNSPECIFIED HYPROMELLOSE 2208 (100000 MPA.S) magnesium stearate MICROCRYSTALLINE CELLULOSE silicon dioxide capsule-shaped 1072;10;500 XIGDUO XR dapagliflozin and metformin hydrochloride DAPAGLIFLOZIN PROPANEDIOL dapagliflozin METFORMIN HYDROCHLORIDE metformin anhydrous lactose CARBOXYMETHYLCELLULOSE SODIUM, UNSPECIFIED CROSPOVIDONE, UNSPECIFIED HYPROMELLOSE 2208 (100000 MPA.S) magnesium stearate MICROCRYSTALLINE CELLULOSE silicon dioxide yellow to dark yellow 1073;10;1000 XIGDUO XR dapagliflozin and metformin hydrochloride DAPAGLIFLOZIN PROPANEDIOL dapagliflozin METFORMIN HYDROCHLORIDE metformin anhydrous lactose CARBOXYMETHYLCELLULOSE SODIUM, UNSPECIFIED CROSPOVIDONE, UNSPECIFIED HYPROMELLOSE 2208 (100000 MPA.S) HYPROMELLOSE 2910 (5 MPA.S) magnesium stearate MICROCRYSTALLINE CELLULOSE silicon dioxide capsule-shaped 1070;5;500 XIGDUO XR dapagliflozin and metformin hydrochloride DAPAGLIFLOZIN PROPANEDIOL dapagliflozin METFORMIN HYDROCHLORIDE metformin anhydrous lactose CARBOXYMETHYLCELLULOSE SODIUM, UNSPECIFIED CROSPOVIDONE, UNSPECIFIED HYPROMELLOSE 2208 (100000 MPA.S) HYPROMELLOSE 2910 (5 MPA.S) magnesium stearate MICROCRYSTALLINE CELLULOSE silicon dioxide pink to dark pink 5;1000;1071 XIGDUO XR dapagliflozin and metformin hydrochloride DAPAGLIFLOZIN PROPANEDIOL dapagliflozin METFORMIN HYDROCHLORIDE metformin anhydrous lactose CARBOXYMETHYLCELLULOSE SODIUM, UNSPECIFIED CROSPOVIDONE, UNSPECIFIED HYPROMELLOSE 2208 (100000 MPA.S) HYPROMELLOSE 2910 (5 MPA.S) magnesium stearate MICROCRYSTALLINE CELLULOSE silicon dioxide light brown to brown 2;5;1000;1074']",2022,11
NDA200678,SAXAGLIPTIN AND METFORMIN HYDROCHLORIDE,AstraZeneca Pharmaceuticals LP,ORAL,"METFORMIN HYDROCHLORIDE, SAXAGLIPTIN HYDROCHLORIDE",20191024,"['KOMBIGLYZE XR SAXAGLIPTIN AND METFORMIN HYDROCHLORIDE saxagliptin hydrochloride saxagliptin anhydrous metformin hydrochloride metformin hypromellose 2208 (15000 mpa.s) magnesium stearate CARBOXYMETHYLCELLULOSE SODIUM, UNSPECIFIED FORM pale yellow to light yellow capsule 2;5;1000;4222 KOMBIGLYZE XR SAXAGLIPTIN AND METFORMIN HYDROCHLORIDE saxagliptin hydrochloride saxagliptin anhydrous metformin hydrochloride metformin CARBOXYMETHYLCELLULOSE SODIUM, UNSPECIFIED FORM hypromellose 2208 (15000 mpa.s) magnesium stearate MICROCRYSTALLINE CELLULOSE HYPROMELLOSE 2910 (15 MPA.S) light brown to brown capsule 5;500;4221 KOMBIGLYZE XR SAXAGLIPTIN AND METFORMIN HYDROCHLORIDE saxagliptin hydrochloride saxagliptin anhydrous metformin hydrochloride metformin CARBOXYMETHYLCELLULOSE SODIUM, UNSPECIFIED FORM hypromellose 2208 (15000 mpa.s) magnesium stearate capsule 5;1000;4223']",2019,4
NDA021689,ESOMEPRAZOLE SODIUM,AstraZeneca Pharmaceuticals LP,INTRAVENOUS,ESOMEPRAZOLE SODIUM,20230718,['NEXIUM I.V. Esomeprazole sodium ESOMEPRAZOLE SODIUM ESOMEPRAZOLE EDETATE DISODIUM SODIUM HYDROXIDE'],2023,1
NDA022350,SAXAGLIPTIN,AstraZeneca Pharmaceuticals LP,ORAL,SAXAGLIPTIN HYDROCHLORIDE,20191024,['ONGLYZA SAXAGLIPTIN saxagliptin hydrochloride saxagliptin anhydrous lactose monohydrate MICROCRYSTALLINE CELLULOSE croscarmellose sodium magnesium stearate biconvex 5;4215 ONGLYZA SAXAGLIPTIN saxagliptin hydrochloride saxagliptin anhydrous lactose monohydrate MICROCRYSTALLINE CELLULOSE croscarmellose sodium magnesium stearate pale yellow to light yellow biconvex 2;5;4214'],2019,1
NDA021344,FULVESTRANT,AstraZeneca Pharmaceuticals LP,INTRAMUSCULAR,FULVESTRANT,20200925,['FASLODEX Fulvestrant FULVESTRANT FULVESTRANT ALCOHOL BENZYL ALCOHOL BENZYL BENZOATE CASTOR OIL'],2020,1
BLA125586,ANDEXANET ALFA,AstraZeneca Pharmaceuticals LP,INTRAVENOUS,ANDEXANET ALFA,20230210,['ANDEXXA andexanet alfa andexanet alfa andexanet alfa'],2023,1
NDA202293,DAPAGLIFLOZIN,AstraZeneca Pharmaceuticals LP,ORAL,DAPAGLIFLOZIN PROPANEDIOL,20230508,"['FARXIGA DAPAGLIFLOZIN DAPAGLIFLOZIN PROPANEDIOL dapagliflozin MICROCRYSTALLINE CELLULOSE anhydrous lactose CROSPOVIDONE, UNSPECIFIED silicon dioxide magnesium stearate biconvex 5;1427 FARXIGA DAPAGLIFLOZIN DAPAGLIFLOZIN PROPANEDIOL dapagliflozin MICROCRYSTALLINE CELLULOSE anhydrous lactose CROSPOVIDONE, UNSPECIFIED silicon dioxide magnesium stearate biconvenx 10;1428']",2023,3
NDA208294,GLYCOPYRROLATE AND FORMOTEROL FUMARATE,AstraZeneca Pharmaceuticals LP,RESPIRATORY (INHALATION),"FORMOTEROL FUMARATE, GLYCOPYRROLATE",20230324,"['BEVESPI AEROSPHERE Glycopyrrolate and formoterol fumarate GLYCOPYRROLATE GLYCOPYRRONIUM FORMOTEROL FUMARATE FORMOTEROL 1,2-DISTEAROYL-SN-GLYCERO-3-PHOSPHOCHOLINE CALCIUM CHLORIDE NORFLURANE']",2023,2
NDA022522,ROFLUMILAST,AstraZeneca Pharmaceuticals LP,ORAL,ROFLUMILAST,20200312,"['Daliresp roflumilast roflumilast roflumilast lactose monohydrate starch, corn POVIDONE, UNSPECIFIED magnesium stearate white ROUND D;500 Daliresp roflumilast roflumilast roflumilast lactose monohydrate starch, corn POVIDONE, UNSPECIFIED magnesium stearate white ROUND D;250']",2020,5
NDA021773,EXENATIDE,AstraZeneca Pharmaceuticals LP,SUBCUTANEOUS,EXENATIDE,20221221,['Byetta exenatide exenatide exenatide acetic acid mannitol metacresol sodium acetate water Byetta exenatide exenatide exenatide acetic acid mannitol metacresol sodium acetate water'],2022,1
NDA208065,OSIMERTINIB,AstraZeneca Pharmaceuticals LP,ORAL,OSIMERTINIB,20230621,"['TAGRISSO osimertinib OSIMERTINIB OSIMERTINIB MANNITOL MICROCRYSTALLINE CELLULOSE SODIUM STEARYL FUMARATE POLYVINYL ALCOHOL, UNSPECIFIED TITANIUM DIOXIDE POLYETHYLENE GLYCOL 3350 TALC FERRIC OXIDE YELLOW FERRIC OXIDE RED FERROSOFERRIC OXIDE LOW-SUBSTITUTED HYDROXYPROPYL CELLULOSE, UNSPECIFIED beige biconvex AZ;40 TAGRISSO osimertinib OSIMERTINIB OSIMERTINIB MANNITOL MICROCRYSTALLINE CELLULOSE SODIUM STEARYL FUMARATE POLYVINYL ALCOHOL, UNSPECIFIED TITANIUM DIOXIDE POLYETHYLENE GLYCOL 3350 TALC FERRIC OXIDE YELLOW FERRIC OXIDE RED FERROSOFERRIC OXIDE LOW-SUBSTITUTED HYDROXYPROPYL CELLULOSE, UNSPECIFIED beige biconvex AZ;80']",2023,5
NDA210259,ACALABRUTINIB,AstraZeneca Pharmaceuticals LP,ORAL,ACALABRUTINIB,20220323,"['CALQUENCE Acalabrutinib ACALABRUTINIB ACALABRUTINIB MICROCRYSTALLINE CELLULOSE STARCH, CORN MAGNESIUM STEARATE SODIUM STARCH GLYCOLATE TYPE A POTATO GELATIN, UNSPECIFIED TITANIUM DIOXIDE FERRIC OXIDE YELLOW FD&C BLUE NO. 2 SILICON DIOXIDE blue cap ACA;100']",2022,3
BLA761289,TREMELIMUMAB,AstraZeneca Pharmaceuticals LP,INTRAVENOUS,TREMELIMUMAB,20230614,['IMJUDO tremelimumab TREMELIMUMAB TREMELIMUMAB EDETATE DISODIUM HISTIDINE HISTIDINE MONOHYDROCHLORIDE MONOHYDRATE POLYSORBATE 80 TREHALOSE WATER IMJUDO tremelimumab TREMELIMUMAB TREMELIMUMAB EDETATE DISODIUM HISTIDINE HISTIDINE MONOHYDROCHLORIDE MONOHYDRATE POLYSORBATE 80 TREHALOSE WATER'],2023,1
NDA202450,ACLIDINIUM BROMIDE,AstraZeneca Pharmaceuticals LP,RESPIRATORY (INHALATION),ACLIDINIUM BROMIDE,20210223,['Tudorza Pressair aclidinium bromide ACLIDINIUM BROMIDE ACLIDINIUM lactose monohydrate'],2021,1
BLA761070,BENRALIZUMAB,AstraZeneca Pharmaceuticals LP,SUBCUTANEOUS,BENRALIZUMAB,20210223,['FASENRA Benralizumab BENRALIZUMAB BENRALIZUMAB HISTIDINE HISTIDINE MONOHYDROCHLORIDE POLYSORBATE 20 TREHALOSE DIHYDRATE WATER FASENRA Benralizumab BENRALIZUMAB BENRALIZUMAB HISTIDINE HISTIDINE MONOHYDROCHLORIDE POLYSORBATE 20 TREHALOSE DIHYDRATE WATER'],2021,1
BLA761069,DURVALUMAB,AstraZeneca Pharmaceuticals LP,INTRAVENOUS,DURVALUMAB,20230616,['IMFINZI Durvalumab DURVALUMAB DURVALUMAB HISTIDINE HISTIDINE MONOHYDROCHLORIDE MONOHYDRATE POLYSORBATE 80 TREHALOSE DIHYDRATE WATER IMFINZI Durvalumab DURVALUMAB DURVALUMAB HISTIDINE HISTIDINE MONOHYDROCHLORIDE MONOHYDRATE POLYSORBATE 80 TREHALOSE DIHYDRATE WATER'],2023,1
NDA020639,QUETIAPINE,AstraZeneca Pharmaceuticals LP,ORAL,QUETIAPINE FUMARATE,20220127,"['SEROQUEL quetiapine QUETIAPINE FUMARATE QUETIAPINE POVIDONE, UNSPECIFIED DIBASIC CALCIUM PHOSPHATE DIHYDRATE MICROCRYSTALLINE CELLULOSE SODIUM STARCH GLYCOLATE TYPE A POTATO MAGNESIUM STEARATE HYPROMELLOSE, UNSPECIFIED POLYETHYLENE GLYCOL, UNSPECIFIED TITANIUM DIOXIDE FERRIC OXIDE RED FERRIC OXIDE YELLOW LACTOSE MONOHYDRATE WATER peach biconvex SEROQUEL;25 SEROQUEL quetiapine QUETIAPINE FUMARATE QUETIAPINE POVIDONE, UNSPECIFIED DIBASIC CALCIUM PHOSPHATE DIHYDRATE MICROCRYSTALLINE CELLULOSE SODIUM STARCH GLYCOLATE TYPE A POTATO MAGNESIUM STEARATE HYPROMELLOSE, UNSPECIFIED POLYETHYLENE GLYCOL, UNSPECIFIED TITANIUM DIOXIDE LACTOSE MONOHYDRATE WATER FERRIC OXIDE YELLOW biconvex SEROQUEL;50 SEROQUEL quetiapine QUETIAPINE FUMARATE QUETIAPINE POVIDONE, UNSPECIFIED DIBASIC CALCIUM PHOSPHATE DIHYDRATE MICROCRYSTALLINE CELLULOSE SODIUM STARCH GLYCOLATE TYPE A POTATO LACTOSE MONOHYDRATE MAGNESIUM STEARATE HYPROMELLOSE, UNSPECIFIED POLYETHYLENE GLYCOL, UNSPECIFIED TITANIUM DIOXIDE FERRIC OXIDE YELLOW WATER biconvex SEROQUEL;100 SEROQUEL quetiapine QUETIAPINE FUMARATE QUETIAPINE POVIDONE, UNSPECIFIED DIBASIC CALCIUM PHOSPHATE DIHYDRATE MICROCRYSTALLINE CELLULOSE SODIUM STARCH GLYCOLATE TYPE A POTATO LACTOSE MONOHYDRATE MAGNESIUM STEARATE HYPROMELLOSE, UNSPECIFIED POLYETHYLENE GLYCOL, UNSPECIFIED TITANIUM DIOXIDE WATER biconvex SEROQUEL;200 SEROQUEL quetiapine QUETIAPINE FUMARATE QUETIAPINE POVIDONE, UNSPECIFIED DIBASIC CALCIUM PHOSPHATE DIHYDRATE MICROCRYSTALLINE CELLULOSE SODIUM STARCH GLYCOLATE TYPE A POTATO LACTOSE MONOHYDRATE MAGNESIUM STEARATE HYPROMELLOSE, UNSPECIFIED POLYETHYLENE GLYCOL, UNSPECIFIED TITANIUM DIOXIDE WATER biconvex SEROQUEL;300 SEROQUEL quetiapine QUETIAPINE FUMARATE QUETIAPINE POVIDONE, UNSPECIFIED DIBASIC CALCIUM PHOSPHATE DIHYDRATE MICROCRYSTALLINE CELLULOSE SODIUM STARCH GLYCOLATE TYPE A POTATO LACTOSE MONOHYDRATE MAGNESIUM STEARATE HYPROMELLOSE, UNSPECIFIED POLYETHYLENE GLYCOL, UNSPECIFIED TITANIUM DIOXIDE FERRIC OXIDE YELLOW WATER biconvex SEROQUEL;400']",2022,19
BLA761123,ANIFROLUMAB,AstraZeneca Pharmaceuticals LP,INTRAVENOUS,ANIFROLUMAB,20220912,['SAPHNELO Anifrolumab ANIFROLUMAB ANIFROLUMAB HISTIDINE HISTIDINE MONOHYDROCHLORIDE MONOHYDRATE LYSINE HYDROCHLORIDE TREHALOSE DIHYDRATE POLYSORBATE 80 WATER'],2022,1
NDA021949,BUDESONIDE,AstraZeneca Pharmaceuticals LP,RESPIRATORY (INHALATION),BUDESONIDE,20191011,"['PULMICORT FLEXHALER Budesonide BUDESONIDE BUDESONIDE LACTOSE, UNSPECIFIED FORM PULMICORT FLEXHALER Budesonide BUDESONIDE BUDESONIDE LACTOSE, UNSPECIFIED FORM']",2019,3
NDA021929,BUDESONIDE AND FORMOTEROL FUMARATE DIHYDRATE,AstraZeneca Pharmaceuticals LP,RESPIRATORY (INHALATION),"BUDESONIDE, FORMOTEROL FUMARATE",20190724,['Budesonide and Formoterol Fumarate Dihydrate Budesonide and Formoterol Fumarate Dihydrate BUDESONIDE BUDESONIDE FORMOTEROL FUMARATE FORMOTEROL FORMOTEROL FUMARATE ANHYDROUS POLYETHYLENE GLYCOL 1000 POVIDONE K25 APAFLURANE Budesonide and Formoterol Fumarate Dihydrate Budesonide and Formoterol Fumarate Dihydrate BUDESONIDE BUDESONIDE FORMOTEROL FUMARATE FORMOTEROL FORMOTEROL FUMARATE ANHYDROUS POVIDONE K25 POLYETHYLENE GLYCOL 1000 APAFLURANE'],2019,1
NDA208558,OLAPARIB,AstraZeneca Pharmaceuticals LP,ORAL,OLAPARIB,20230531,"['Lynparza olaparib OLAPARIB OLAPARIB HYPROMELLOSE, UNSPECIFIED TITANIUM DIOXIDE POLYETHYLENE GLYCOL 400 FERRIC OXIDE YELLOW WATER FERROSOFERRIC OXIDE COPOVIDONE K25-31 SILICON DIOXIDE MANNITOL SODIUM STEARYL FUMARATE opaque biconvex OP;100;plain Lynparza olaparib OLAPARIB OLAPARIB HYPROMELLOSE, UNSPECIFIED TITANIUM DIOXIDE COPOVIDONE K25-31 SILICON DIOXIDE SODIUM STEARYL FUMARATE FERRIC OXIDE YELLOW WATER POLYETHYLENE GLYCOL 400 MANNITOL FERROSOFERRIC OXIDE grey bi-convex OP150']",2023,3
NDA213756,SELUMETINIB,AstraZeneca Pharmaceuticals LP,ORAL,SELUMETINIB,20211222,"['KOSELUGO SELUMETINIB SELUMETINIB SELUMETINIB TOCOPHERSOLAN HYPROMELLOSE, UNSPECIFIED CARRAGEENAN POTASSIUM CHLORIDE TITANIUM DIOXIDE SHELLAC ISOPROPYL ALCOHOL FERROSOFERRIC OXIDE BUTYL ALCOHOL PROPYLENE GLYCOL AMMONIA WATER SEL;10 KOSELUGO SELUMETINIB SELUMETINIB SELUMETINIB TOCOPHERSOLAN HYPROMELLOSE, UNSPECIFIED CARRAGEENAN POTASSIUM CHLORIDE FD&C BLUE NO. 2 FERRIC OXIDE YELLOW TITANIUM DIOXIDE FERRIC OXIDE RED CARNAUBA WAX SHELLAC 1-BUTANOL, 4-(ETHENYLOXY)- ALCOHOL WATER GLYCERYL OLEATE SEL;25']",2021,4
NDA206995,GEFITINIB,AstraZeneca Pharmaceuticals LP,ORAL,GEFITINIB,20230228,"['IRESSA Gefitinib GEFITINIB GEFITINIB LACTOSE MONOHYDRATE MICROCRYSTALLINE CELLULOSE CROSCARMELLOSE SODIUM POVIDONE, UNSPECIFIED SODIUM LAURYL SULFATE MAGNESIUM STEARATE HYPROMELLOSE, UNSPECIFIED POLYETHYLENE GLYCOL 300 TITANIUM DIOXIDE FERRIC OXIDE RED FERRIC OXIDE YELLOW biconvex IRESSA;250']",2023,3
NDA020929,BUDESONIDE,AstraZeneca Pharmaceuticals LP,RESPIRATORY (INHALATION),BUDESONIDE,20191011,"['PULMICORT RESPULES Budesonide BUDESONIDE BUDESONIDE EDETATE DISODIUM SODIUM CHLORIDE SODIUM CITRATE, UNSPECIFIED FORM POLYSORBATE 80 WATER ANHYDROUS CITRIC ACID PULMICORT RESPULES Budesonide BUDESONIDE BUDESONIDE EDETATE DISODIUM SODIUM CHLORIDE SODIUM CITRATE, UNSPECIFIED FORM POLYSORBATE 80 WATER ANHYDROUS CITRIC ACID PULMICORT RESPULES Budesonide BUDESONIDE BUDESONIDE EDETATE DISODIUM SODIUM CHLORIDE SODIUM CITRATE, UNSPECIFIED FORM POLYSORBATE 80 WATER ANHYDROUS CITRIC ACID']",2019,4
